Chunk Size,Embedding Time(sec),Embedding Token,VectorDB Size(MB),LLM Response Time(sec),LLM Response Token,BERT F1,F1,Contain Count
300,50.87,1451770,93.29,213.74,101248,0.775126599,0.26186051,67
400,35.56,1403953,70.79,205.83,133584,0.773076433,0.269191343,65
500,41.71,1376690,68.9,242.65,163233,0.77168038,0.253541249,66
600,36.55,1360691,58.79,199.26,196965,0.776423486,0.267762512,61
700,41.68,1350650,55.06,201.95,226396,0.77311501,0.270324061,64
800,39.42,1341228,46.22,196.84,257017,0.779176711,0.282875961,60
900,36.68,1333543,45.81,222.26,289634,0.775911906,0.272724052,58
1000,36.52,1329059,44.2,189.7,312278,0.77772462,0.275837651,62
1100,34.23,1325259,42.18,285.59,341649,0.778107831,0.281234148,58