Chunk Size,Embedding Time(sec),Embedding Token,VectorDB Size(MB),LLM Response Time(sec),LLM Response Token,BERT F1,F1,Cosine,Contain Count
300,91.25,1451770,93.28,239.16,101232,0.811154029,0.276141685,0.7435516,69
400,38.71,1403953,70.78,206.92,133424,0.809706922,0.276714817,0.7414921,69
500,40.88,1376690,68.89,198.2,163686,0.80890532,0.272175887,0.73969686,70
600,44.86,1360691,58.79,218.77,197278,0.811110074,0.278557704,0.7415902,61
700,45.13,1350650,55.06,258.08,227171,0.810519081,0.284797581,0.743918,65
800,34.49,1341228,46.22,208.65,257255,0.817181498,0.30214812,0.7591128,63
900,35.76,1333543,45.81,203.03,289100,0.814922568,0.296201311,0.7516575,60
1000,34.97,1329059,44.21,213.38,309957,0.813290749,0.285246895,0.7452554,60
1100,30.73,1325259,42.17,201.9,340124,0.816778528,0.302554166,0.7477853,60