Chunk Size,Embedding Time(sec),Embedding Token,VectorDB Size(MB),LLM Response Time(sec),LLM Response Token,BERT F1,F1,Cosine,Contain Count
300,91.25,1451770,93.28,210.56,100961,0.807318582,0.263610032,0.7363064,87
400,38.71,1403953,70.78,208.19,133448,0.806648928,0.273911712,0.7313305,84
500,40.88,1376690,68.89,198.53,163665,0.810512748,0.278690268,0.7399038,90
600,44.86,1360691,58.79,205.16,197622,0.813485209,0.28504706,0.75069785,86
700,45.13,1350650,55.06,201.08,227178,0.810383513,0.281939971,0.7423554,82
800,34.49,1341228,46.22,251.8,257051,0.818766475,0.299836222,0.76600873,88
900,35.76,1333543,45.81,205.59,289213,0.811007786,0.286252988,0.737338,78
1000,34.97,1329059,44.21,192.86,310523,0.811647986,0.275024977,0.74572253,82
1100,30.73,1325259,42.17,211.47,342159,0.817703846,0.30388984,0.7495452,88