Chunk Size,Embedding Time(sec),Embedding Token,VectorDB Size(MB),LLM Response Time(sec),LLM Response Token,BERT F1,F1,Cosine,Contain Count
300,50.87,1451770,93.29,198.68,101369,0.812334734,0.276408151,0.74965936,92
Hybrid,87.55,2785313,139.1,281.34,272388,0.8165161979198455,0.29802046544021527,0.7554523,86
900,36.68,1333543,45.81,212.21,288859,0.816771653,0.299791972,0.755962,83